percent_speed,rotation_speed(°/s)
0,8.321617
10,24.12619
20,39.33562
30,54.15459
40,68.638
50,82.63442
60,96.02099
70,109.1127
80,120.7123
90,139.1012
100,151.5999
