percent_speed,rotation_speed(°/s)
0,7.091111
10,23.30042
20,38.97745
30,54.23553
40,68.91704
50,83.2619
60,97.11509
70,110.5884
80,122.7015
90,141.1982
100,154.7082
