percent_speed,rotation_speed(°/s)
0,17.95923
10,51.72468
20,83.56555
30,113.6768
40,140.615
50,163.723
60,167.9935
70,169.7292
80,171.2669
90,168.997
100,170.1737
