percent_speed,rotation_speed(°/s)
0,6.57328
10,34.42928
20,61.56294
30,87.90694
40,113.2265
50,136.6105
60,159.1692
70,193.1173
80,220.0621
90,245.5233
100,271.0353
