percent_speed,rotation_speed(°/s)
0,6.908852
10,66.92908
20,123.322
30,183.7655
40,239.4827
50,300.1355
60,355.9556
70,409.3533
80,470.0193
90,525.6994
100,579.0984
