{
    "servo_1": {
        "min_duty": 1500,
        "max_duty": 7500,
        "max_angle": 180,
        "max_speed_d_s": 587.2259,
        "min_speed_d_s": 7.469678,
        "speed_config": {
            "1": {
                "min_speed": 7.469678,
                "max_speed": 138.8088,
                "params": [
                    27.835392985796457,
                    1.0352991441049881
                ],
                "mae": "0.5152 degree/s"
            },
            "2": {
                "min_speed": 14.93933,
                "max_speed": 277.4566,
                "params": [
                    55.64124866834358,
                    2.08569151787016
                ],
                "mae": "1.0391 degree/s"
            },
            "3": {
                "min_speed": 22.4086,
                "max_speed": 416.0051,
                "params": [
                    83.42784647275444,
                    3.14587464241896
                ],
                "mae": "1.5684 degree/s"
            },
            "4": {
                "min_speed": 29.87775,
                "max_speed": 554.4074,
                "params": [
                    111.1878289480691,
                    4.220003649354824
                ],
                "mae": "2.1056 degree/s"
            },
            "5": {
                "min_speed": 37.34591,
                "max_speed": 360.1772,
                "params": [
                    144.10340421924897,
                    2.1440119271480995
                ],
                "mae": "0.7184 degree/s"
            },
            "6": {
                "min_speed": 44.81419,
                "max_speed": 432.1449,
                "params": [
                    172.89854259902805,
                    2.581538137645811
                ],
                "mae": "0.8656 degree/s"
            },
            "7": {
                "min_speed": 52.23028,
                "max_speed": 503.5824,
                "params": [
                    201.47533297938512,
                    3.0224332226673853
                ],
                "mae": "1.0122 degree/s"
            },
            "8": {
                "min_speed": 59.75059,
                "max_speed": 575.93,
                "params": [
                    230.43121898649798,
                    3.4798551849758934
                ],
                "mae": "1.1687 degree/s"
            },
            "9": {
                "min_speed": 67.18391,
                "max_speed": 437.5389,
                "params": [
                    262.15398643231106,
                    2.3535559705021356
                ],
                "mae": "0.5572 degree/s"
            },
            "10": {
                "min_speed": 74.68406,
                "max_speed": 486.3643,
                "params": [
                    291.39580452136784,
                    2.6251764485711093
                ],
                "mae": "0.6195 degree/s"
            },
            "11": {
                "min_speed": 82.06842,
                "max_speed": 534.3387,
                "params": [
                    320.1527918109163,
                    2.9075586008815746
                ],
                "mae": "0.691 degree/s"
            },
            "12": {
                "min_speed": 89.61952,
                "max_speed": 583.3814,
                "params": [
                    349.5437420938312,
                    3.1962909109955353
                ],
                "mae": "0.7623 degree/s"
            },
            "13": {
                "min_speed": 96.98543,
                "max_speed": 476.8023,
                "params": [
                    380.50212478416444,
                    2.4492945942089164
                ],
                "mae": "0.4228 degree/s"
            },
            "14": {
                "min_speed": 104.4459,
                "max_speed": 513.4246,
                "params": [
                    409.73919508067604,
                    2.6463786651362886
                ],
                "mae": "0.4598 degree/s"
            },
            "15": {
                "min_speed": 112.0162,
                "max_speed": 550.6153,
                "params": [
                    439.4051898204656,
                    2.8490731480336584
                ],
                "mae": "0.4921 degree/s"
            },
            "16": {
                "min_speed": 119.4814,
                "max_speed": 587.2259,
                "params": [
                    468.5492608789499,
                    2.946086811556166
                ],
                "mae": "0.6093 degree/s"
            }
        }
    }
}