{
    "servo_s53_20": {
        "min_duty": 1500,
        "max_duty": 7500,
        "max_angle": 225,
        "max_speed_d_s": 154.86,
        "speed_config": {
            "120": {
                "min_speed": 9.34,
                "max_speed": 134.0,
                "params": [
                    33.48423517714356,
                    1.847224803362496
                ],
                "mae": "0.7933 degree/s"
            },
            "20": {
                "min_speed": 98.3,
                "max_speed": 154.86,
                "params": [
                    317.64526347265684,
                    20.293709316712416
                ],
                "mae": "0.8469 degree/s"
            }
        },
        "min_speed_d_s": 9.34
    },
    "servo_sg9": {
        "min_duty": 1500,
        "max_duty": 7500,
        "max_angle": 180,
        "max_speed_d_s": 264.56,
        "speed_config": {
            "100": {
                "min_speed": 7.47,
                "max_speed": 163.6,
                "params": [
                    27.07444878170713,
                    1.516324260776686
                ],
                "mae": "0.7996 degree/s"
            },
            "10": {
                "min_speed": 129.93,
                "max_speed": 264.56,
                "params": [
                    461.7463084268959,
                    16.056169435735676
                ],
                "mae": "0.8563 degree/s"
            }
        },
        "min_speed_d_s": 7.47
    }
}