{
    "servo_sg9": {
        "min_duty": 1500,
        "max_duty": 7900,
        "max_angle": 180,
        "max_speed_d_s": 314.37,
        "speed_config": {
            "100": {
                "min_speed": 7.0,
                "max_speed": 206.3,
                "params": [
                    25.496634618050184,
                    1.4259336006037504
                ],
                "mae": "0.7963 degree/s"
            },
            "20": {
                "min_speed": 62.82,
                "max_speed": 314.37,
                "params": [
                    243.2093736931649,
                    2.956848883636942
                ],
                "mae": "0.8737 degree/s"
            }
        },
        "min_speed_d_s": 7.0
    },
    "servo_s53_20": {
        "min_duty": 1200,
        "max_duty": 7900,
        "max_angle": 270,
        "max_speed_d_s": 155.3,
        "speed_config": {
            "180": {
                "min_speed": 8.0,
                "max_speed": 138.18,
                "params": [
                    36.0393402376828,
                    1.6389507868862878
                ],
                "mae": "0.8035 degree/s"
            },
            "20": {
                "min_speed": 99.47,
                "max_speed": 155.3,
                "params": [
                    412.6038596417108,
                    18.116473968464405
                ],
                "mae": "0.6915 degree/s"
            }
        },
        "min_speed_d_s": 8.0
    }
}