{
    "servo_sg9": {
        "min_duty": 1500,
        "max_duty": 7500,
        "max_angle": 180,
        "max_speed_d_s": 264.56,
        "speed_config": {
            "100": {
                "min_speed": 7.47,
                "max_speed": 163.6,
                "params": [
                    27.07444878170713,
                    1.516324260776686
                ],
                "mae": "0.7996 degree/s"
            },
            "10": {
                "min_speed": 129.93,
                "max_speed": 264.56,
                "params": [
                    461.7463084268959,
                    16.056169435735676
                ],
                "mae": "0.8563 degree/s"
            }
        },
        "min_speed_d_s": 7.47
    },
    "servo_s53_20": {
        "min_duty": 1200,
        "max_duty": 7900,
        "max_angle": 270,
        "max_speed_d_s": 155.3,
        "speed_config": {
            "180": {
                "min_speed": 8.0,
                "max_speed": 138.18,
                "params": [
                    36.0393402376828,
                    1.6389507868862878
                ],
                "mae": "0.8035 degree/s"
            },
            "20": {
                "min_speed": 99.47,
                "max_speed": 155.3,
                "params": [
                    412.6038596417108,
                    18.116473968464405
                ],
                "mae": "0.6915 degree/s"
            }
        },
        "min_speed_d_s": 8.0
    }
}